accessibilité,accessibilité
accompagne,accompagné
accès,accès
acuité,acuité
adapte,adapté
adéquation,adéquation
affrètement,affrètement
affûtage,affûtage
agrégation,agrégation
anime,animé
après-vente,après-vente
archéologie,archéologie
arme,armé
assiste,assisté
assure,assuré
auprès,auprès
authenticité,authenticité
bactériologie,bactériologie
balnéothérapie,balnéothérapie
biodiversité,biodiversité
charge,chargé
charges,chargés
châssis,châssis
cible,ciblé
cinématique,cinématique
citoyenneté,citoyenneté
cohésion,cohésion
compétitivité,compétitivité
confidentialité,confidentialité
conformité,conformité
continuité,continuité
coopération,coopération
copropriété,copropriété
cuisines,cuisinés
demande,demandé
demandes,demandés
dextérité,dextérité
diamètre,diamètre
donne,donné
dosimètre,dosimètre
déambulateur,déambulateur
débourrage,débourrage
décantation,décantation
décapage,décapage
déchargement,déchargement
déclenchement,déclenchement
décontamination,décontamination
décès,décès
dédouanement,dédouanement
dégraissage,dégraissage
dépollution,dépollution
désherbage,désherbage
désinsectisation,désinsectisation
désossage,désossage
détourage,détourage
développeur,développeur
echange,échange
ecoles,écoles
efficacité,efficacité
energies,énergies
equipement,équipement
equipements,équipements
ergothérapeute,ergothérapeute
ergothérapie,ergothérapie
etablissements,établissements
etudes,études
faisabilité,faisabilité
ferme,fermé
fiabilité,fiabilité
fiscalité,fiscalité
fluidité,fluidité
fonctionnalité,fonctionnalité
grès,grès
gynécologie,gynécologie
généralement,généralement
géologie,géologie
gérance,gérance
gériatrie,gériatrie
homogénéité,homogénéité
homéopathie,homéopathie
humidité,humidité
hydrothérapie,hydrothérapie
hébergement,hébergement
héliogravure,héliogravure
hématologie,hématologie
hémodialyse,hémodialyse
hôtel-restaurant,hôtel-restaurant
implémentation,implémentation
informe,informé
ingénierie,ingénierie
interarmées,interarmées
intégration,intégration
intéressement,intéressement
jusqu'à,jusqu'à
kinésithérapeute,kinésithérapeute
kinésithérapie,kinésithérapie
législation,législation
maitrise,maîtrise
marche,marché
marches,marchés
maréchalerie,maréchalerie
maturité,maturité
metal,métal
mobilité,mobilité
modélisation,modélisation
modélisme,modélisme
modéliste,modéliste
mortalité,mortalité
multimédia,multimédia
musicothérapie,musicothérapie
mécanisation,mécanisation
médiation,médiation
métallurgie,métallurgie
méthodologie,méthodologie
métrés,mètres
météo,météo
météorologie,météorologie
non-conformité,non-conformité
normés,normes
numérisation,numérisation
obstétrique,obstétrique
obsèques,obsèques
optométrie,optométrie
orthopédie,orthopédie
ostéopathie,ostéopathie
parachèvement,parachèvement
pare-éclats,pare-éclats
perçage,perçage
pilote,piloté
placoplâtre,placoplâtre
polystyrène,polystyrène
polyuréthane,polyuréthane
ponctualité,ponctualité
ponçage,ponçage
porte,porté
porte-à-faux,porte-à-faux
portes,portés
productivité,productivité
progrès,progrès
propreté,propreté
prothétique,prothétique
proximité,proximité
préalablement,préalablement
préconisation,préconisation
précédemment,précédemment
préservation,préservation
prêt-à-porter,prêt-à-porter
psychothérapie,psychothérapie
puériculture,puériculture
pédagogie,pédagogie
pédiatrique,pédiatrique
pédicurie,pédicurie
périodiquement,périodiquement
pétrissage,pétrissage
pétrochimie,pétrochimie
radiothérapie,radiothérapie
recevabilité,recevabilité
rentabilité,rentabilité
réadaptation,réadaptation
réanimation,réanimation
réchauffage,réchauffage
réflexologie,réflexologie
référencement,référencement
régleur,régleur
régularité,régularité
régulation,régulation
régule,régule
régule,régulé
régénération,régénération
réhabilitation,réhabilitation
réinitialisation,réinitialisation
réinsertion,réinsertion
répartiteur,répartiteur
rétractable,rétractable
rééducation,rééducation
rôtisserie,rôtisserie
salubrité,salubrité
sexualité,sexualité
sidérurgie,sidérurgie
solidité,solidité
solvabilité,solvabilité
soutènement,soutènement
spectromètre,spectromètre
spécialisation,spécialisation
stabilité,stabilité
surréservation,surréservation
systémique,systémique
séchage,séchage
sécurisation,sécurisation
sécurise,sécurisé
sémiologie,sémiologie
technicité,technicité
tolérance,tolérance
tomodensitométrie,tomodensitométrie
toxicité,toxicité
traite,traité
traçabilité,traçabilité
traçage,traçage
trésorerie,trésorerie
télécinéma,télécinéma
téléphonie,téléphonie
téléphérique,téléphérique
téléski,téléski
télésurveillance,télésurveillance
tôlerie,tôlerie
tôt,tôt
validité,validité
viabilité,viabilité
visibilité,visibilité
ébarbage,ébarbage
échéancier,échéancier
éclaircissage,éclaircissage
également,également
élagage,élagage
électricité,électricité
électrolytique,électrolytique
électromagnétisme,électromagnétisme
électroménager,électroménager
éloignement,éloignement
émargement,émargement
épidémiologique,épidémiologique
équarrissage,équarrissage
équerrage,équerrage
équilibrage,équilibrage
étanchéité,étanchéité
étiquetage,étiquetage
étirage,étirage
éventuellement,éventuellement
