"vente","vent"
"aménagement","aménager"
"information","informer"
"entreprises","entreprise"
"conditionnement","conditionner"
"relations","relation"
"réglage","régler"
"fonds","fond"
"oeuvres","oeuvre"
"contrôleur","contrôler"
"contrôleur","contrôle"
"chargement","charger"
"douces","douce"
"moyennes","moyenne"
"réservation","réserver"
"destinés","destiné"
"agencement","agencer"
"continue","continu"
"bases","base"
"moyenne","moyen"
"association","associer"
"courte","court"
"réalisateur","réaliser"
"points","point"
"mises","mise"
"utilisateur","utiliser"
"commandement","commander"
"forces","force"
"analyseur","analyser"
"cuire","cuir"
"reportage","reporter"
"livreur","livrer"
"occupation","occuper"
"classement","classer"
"entrées","entrée"
"commerces","commerce"
"matrice","mer"
"cadrage","cadrer"
"tailleur","tailler"
"courtes","courte"
"dessinateur","dessiner"
"seconde","second"
"programmateur","programmer"
"superviseur","superviser"
"masseur","masse"
"parement","parer"
"fiscalité","fiscalité"
"conformité","conformité"
"également","également"
"auprès","auprès"
"ingénierie","ingénierie"
"tôlerie","tôlerie"
"accès","accès"
"rééducation","rééducation"
"périodiquement","périodiquement"
"marche","marché"
"éloignement","éloignement"
"électricité","électricité"
"régulation","régulation"
"kinésithérapie","kinésithérapie"
"médiation","médiation"
"après-vente","après-vente"
"metal","métal"
"élagage","élagage"
"traçage","traçage"
"référencement","référencement"
"hébergement","hébergement"
"rentabilité","rentabilité"
"décontamination","décontamination"
"généralement","généralement"
"étanchéité","étanchéité"
"législation","législation"
"régleur","régleur"
"propreté","propreté"
"multimédia","multimédia"
"hydrothérapie","hydrothérapie"
"précédemment","précédemment"
"dépollution","dépollution"
"faisabilité","faisabilité"
"modélisation","modélisation"
"métallurgie","métallurgie"
"technicité","technicité"
"réhabilitation","réhabilitation"
"trésorerie","trésorerie"
"téléphonie","téléphonie"
"régule","régule"
"puériculture","puériculture"
"mobilité","mobilité"
"proximité","proximité"
"météorologie","météorologie"
"ostéopathie","ostéopathie"
"salubrité","salubrité"
"prêt-à-porter","prêt-à-porter"
"séchage","séchage"
"jusqu'à","jusqu'à"
"perçage","perçage"
"ponçage","ponçage"
"télésurveillance","télésurveillance"
"fiabilité","fiabilité"
"toxicité","toxicité"
"étiquetage","étiquetage"
"radiothérapie","radiothérapie"
"réinsertion","réinsertion"
"décapage","décapage"
"sidérurgie","sidérurgie"
"électroménager","électroménager"
"copropriété","copropriété"
"acuité","acuité"
"productivité","productivité"
"méthodologie","méthodologie"
"ergothérapie","ergothérapie"
"accessibilité","accessibilité"
"traçabilité","traçabilité"
"réadaptation","réadaptation"
"régularité","régularité"
"châssis","châssis"
"étirage","étirage"
"orthopédie","orthopédie"
"stabilité","stabilité"
"progrès","progrès"
"prothétique","prothétique"
"kinésithérapeute","kinésithérapeute"
"météo","météo"
"numérisation","numérisation"
"continuité","continuité"
"déclenchement","déclenchement"
"héliogravure","héliogravure"
"porte-à-faux","porte-à-faux"
"efficacité","efficacité"
"préalablement","préalablement"
"modéliste","modéliste"
"diamètre","diamètre"
"parachèvement","parachèvement"
"gérance","gérance"
"cinématique","cinématique"
"grès","grès"
"bactériologie","bactériologie"
"authenticité","authenticité"
"développeur","développeur"
"validité","validité"
"réanimation","réanimation"
"détourage","détourage"
"pétrochimie","pétrochimie"
"non-conformité","non-conformité"
"affrètement","affrètement"
"dégraissage","dégraissage"
"épidémiologique","épidémiologique"
"maréchalerie","maréchalerie"
"interarmées","interarmées"
"équerrage","équerrage"
"archéologie","archéologie"
"déchargement","déchargement"
"pédagogie","pédagogie"
"coopération","coopération"
"pétrissage","pétrissage"
"balnéothérapie","balnéothérapie"
"humidité","humidité"
"tôt","tôt"
"géologie","géologie"
"obsèques","obsèques"
"répartiteur","répartiteur"
"préconisation","préconisation"
"équilibrage","équilibrage"
"maturité","maturité"
"sexualité","sexualité"
"tolérance","tolérance"
"hématologie","hématologie"
"compétitivité","compétitivité"
"décès","décès"
"rétractable","rétractable"
"musicothérapie","musicothérapie"
"émargement","émargement"
"réinitialisation","réinitialisation"
"ergothérapeute","ergothérapeute"
"fonctionnalité","fonctionnalité"
"mécanisation","mécanisation"
"design","conception"
"schéma","plan"
"schéma","dessin"
