x,y,z,label
3.4416234,-1.400714,1.4011502,virtualWord
-18.074926,8.303255,-3.4718769,Médecines douces et alternatives ( Santé - médecine - pharmacie )
7.4879565,-6.0228353,18.60098,Génie mécanique ( Electricité - électronique - génie mécanique )
-3.3613894,7.769269,8.539303,Plonge ( Nettoyage - entretien )
-3.0446496,3.4680815,-9.801486,Stratégie commerciale ( Achat - vente )
16.255093,5.4691014,7.8213263,Opérations de finition industrielle ( Fabrication et transformation d'éléments )
20.99059,-0.021753743,11.177663,Menuiserie - ébénisterie ( Métiers d'art )
-15.575615,-5.3863425,-12.592371,Finance
29.709883,6.6176467,-2.405586,Arts de la table
16.22957,1.2298641,2.7957969,Traitement et transformation des viandes ( Agroalimentaire et métiers de bouche )
-13.934049,-16.851187,4.2900214,Licences - habilitations - certifications de soudage ( Fabrication et transformation d'éléments )
-17.848106,11.254843,10.193811,Pharmacie ( Santé - médecine - pharmacie )
19.7761,0.20371085,1.0000428,Poterie - céramique ( Métiers d'art )
3.324064,17.632769,-17.067196,Spectacle - Artistes - interprètes du spectacle
-6.462186,-13.765203,-12.137212,Réseau d'assainissement
11.295154,-22.162073,-4.5238056,Montage d'équipements sur véhicules ( Maintenance - entretien technique )
-5.233447,-1.1028191,-5.0825443,Organisation - planification des interventions ( Nettoyage - entretien )
-6.450154,14.811541,-5.9035096,Esthétique ( Soins esthétiques et corporels )
3.7936106,-1.0898266,-1.9066488,Traçage - marquage ( Fabrication et transformation d'éléments )
-1.4626824,22.344198,9.412297,Agriculture
12.277628,-22.84692,-4.212724,Véhicules industriels
6.536086,-4.4023995,8.602428,Combustibles
3.6939125,-17.30895,18.220875,Installation et Maintenance - Equipements domestiques et informatique
5.841346,8.794701,-15.054639,"Communication, Média et Multimédia - Images et sons"
-8.791596,10.163438,23.219412,Biologie médicale ( Santé - médecine - pharmacie )
-7.7077584,-0.8308653,0.08186902,Management RH ( Ressources Humaines )
1.3248197,-19.384111,0.2875735,"Construction, Bâtiment et Travaux publics - Conduite et encadrement de chantier - travaux"
18.062653,-10.6667185,-9.619899,Conduite et surveillance de machines de fabrication textile ( Fabrication et transformation d'éléments )
0.3292521,3.8800414,-5.2550206,Achats ( Achat - vente )
11.991683,-4.377224,12.549161,"Fonderie, forge"
18.329283,0.50513375,8.704489,Seconde transformation du bois
-8.388318,24.143389,-3.913528,Patrimoine culturel et historique
-20.714193,-0.76707387,-1.4792218,Conseil et expertise ( Conseil - expertise - aide à la décision )
-19.012362,-5.638034,7.028909,Collecte des déchets ( Environnement )
-10.742199,-9.711383,-6.900584,Gestion immobilière ( Immobilier )
-9.57086,-3.3499672,-0.40331593,Gestion d'entreprise ( Management et gestion d'entreprise )
-5.1176805,-3.3293958,-7.363219,Projet
18.697876,-1.3195434,-6.9732637,Essais - retouches - finitions de produits textiles ( Fabrication et transformation d'éléments )
-18.256826,7.7408385,-5.3936996,Actualisation et gestion de fonds documentaires ( Information - documentation - communication )
-14.92418,15.808703,16.13354,Orthophonie ( Santé - médecine - pharmacie )
0.36697835,14.412748,-20.489176,Présentation - animation audiovisuelle ( Spectacle et audiovisuel )
17.815863,-11.956282,10.095492,Tuyauterie ( Fabrication et transformation d'éléments )
1.0315453,-17.50744,16.963408,Maintenance d'équipements de production ou collectifs ( Maintenance - entretien technique )
6.48062,11.178894,-1.394895,"Chocolat, confiserie"
-17.452175,-0.35182014,-6.1033163,Droit - juridique - notariat
15.3951,-2.0429778,-18.33559,"Réalisation de vêtements, de patronnages ou de styles de produits de la mode ( Mode et stylisme )"
4.3029685,7.7208567,1.3382463,Sucre
5.7889094,2.4474661,16.199116,"Industrie du papier, carton"
3.7922835,8.83418,-14.539116,"Communication, Média et Multimédia - Industries graphiques"
-13.703989,-25.640318,-4.635685,Navigation maritime et fluviale ( Transport )
4.1986666,-26.877232,-0.22139084,Habilitations à la conduite d'engins de chantier et de manutention ( Engins de chantier et de manutention )
-3.698728,-18.996092,-4.4031487,Prospection ( Achat - vente )
-2.3711143,17.057371,10.974568,"Agriculture et Pêche, Espaces naturels et Espaces verts, Soins aux animaux"
17.792625,-2.4912865,-6.8676295,Conception de produits textiles ( Fabrication et transformation d'éléments )
-18.177666,19.623732,-2.7293687,Direction technique - entraînement sportif ( Sport )
-8.836087,-5.692151,-0.43322885,Gestion administrative du personnel ( Ressources Humaines )
14.771194,-5.092707,5.884223,"Plasturgie, caoutchouc, composites"
1.682258,15.09639,-17.99478,Spectacle - Conception et production de spectacles
-17.9529,-19.722397,-1.103841,Transport et Logistique
-6.4213114,-2.874966,0.28065792,Management d'équipe ( Management et gestion d'entreprise )
-4.3948393,6.7212315,11.548436,Services à la personne et à la collectivité - Propreté et environnement urbain
-18.37487,-7.5852466,-0.64863044,Contrôle qualité ( Qualité )
1.6298068,-17.621061,13.89399,Maintenance
5.5896144,-14.074198,1.2019769,Moulage manuel et industriel ( Fabrication et transformation d'éléments )
-8.938238,2.7790728,12.65054,Services à la personne et à la collectivité - Sécurité privée
-14.989367,6.5791297,2.229244,Hébergement social ( Intervention sociale )
2.657526,2.0841813,-24.722551,Ecriture et édition
9.6523285,-25.108147,-3.512939,Dépannage de véhicules ( Maintenance - entretien technique )
-1.4033213,-2.6460235,10.237762,Eco-industrie
-19.82665,12.266176,7.5161867,Médecine nucléaire
-30.434168,7.6458693,-1.8028831,Secrétariat administratif ( Secrétariat )
-15.011711,15.344825,9.024962,Santé - Praticiens médicaux
-16.363583,7.7414064,5.001936,Santé et action sociale
-8.314088,7.6176343,-20.693165,Pratique d'une langue ou d'un langage ( Langues )
-5.085304,-19.536959,5.8299274,Eclairage et son ( Spectacle et audiovisuel )
-20.32931,-0.43622932,-1.3686763,Conseil - expertise - aide à la décision
15.017124,-5.25124,-0.22952963,"Fabrication de parquets, lambris, moulures, ..."
-5.203144,-3.3577409,20.462639,Police Nationale et Gendarmerie Nationale
27.871061,5.7186146,-1.670986,Arts et Façonnage d'ouvrages d'art - Arts plastiques
14.42638,-7.8594007,-0.5426913,Tuiles et briques en béton
25.069496,4.671421,7.222173,Ameublement
24.51406,4.043574,6.362925,"Bois, ameublement"
2.3927412,10.674639,-14.82526,Photographie ( Métiers d'art )
-30.322906,6.8629,-2.4054894,Secrétariat comptable ( Secrétariat )
-10.039839,9.819837,1.148197,Politiques publiques et territoriales ( Politiques publiques et territoriales )
1.107976,-9.949108,-10.539863,Analyses et tests informatiques ( Informatique - numérique )
-12.085036,-2.3509023,13.896507,Habilitations - certificats - brevets en sécurité et secours ( Protection - surveillance - sécurité )
-0.13021982,-13.3581915,-27.644081,Contrôle et suivi d'impression ou de reprographie ( Impression - prépresse - reprographie )
4.331411,6.763702,-5.7012715,"Commerce, Vente et Grande distribution"
-12.42273,-10.857365,-11.885738,Banque privée
0.41088668,-4.161507,21.39427,Aéronavale
-15.486034,10.331499,2.9371305,Intervention chirurgicale ( Santé - médecine - pharmacie )
-15.393696,5.263884,13.299866,Aide à la vie quotidienne ( Services à la personne )
22.48297,-3.3356838,5.9060316,"Verre creux (emballage, bouteilles, ...)"
-6.674289,1.1027021,21.090147,Armée de l'air
16.869473,-0.6044256,2.7801142,Fabrication et transformation des produits en céramique ( Fabrication et transformation d'éléments )
16.284893,-1.0000691,10.314106,Industrie mécanique du bois
2.1467004,-3.7507823,21.681316,Troupes parachutistes
1.4083949,14.10265,-19.473843,Production - promotion de spectacles et audiovisuelle ( Spectacle et audiovisuel )
-11.321921,-11.090358,-7.582973,Immobilier
-2.4322116,-6.6607738,-13.918448,Support à l'entreprise - Systèmes d'information et de télécommunication
-22.516184,-16.387064,3.6978106,Aérien
3.9601297,-13.899132,3.0111399,Bâtiment domestique
17.218073,-1.2292287,-18.508183,Mode
-6.640601,-9.844861,-15.414878,Architecture réseau ( Réseau et télécom )
1.2359065,10.680765,13.7032175,Nettoyage - entretien
7.6042604,-9.577514,16.03624,Etude et conception électrique ou électronique ( Electricité - électronique - génie mécanique )
16.139202,-1.6708295,3.5674598,Fabrication et transformation de matériaux de construction ( Fabrication et transformation d'éléments )
-12.057001,-5.184352,-9.106177,Devises - change ( Banque - assurance - finance - fiscalité )
-8.15284,5.4658585,7.6616826,Composition florale ( Métiers d'art )
-8.011662,8.255923,26.67705,Chimie fine
-10.354708,5.251161,22.771896,Sciences
1.8452872,1.2420002,-25.15324,Ecriture d'ouvrage ( Ecriture et édition )
2.5314548,-18.345062,12.9222145,Actes courants et outils de maintenance ( Maintenance - entretien technique )
-10.683406,4.836957,5.675242,Pisciculture
20.49243,0.12936567,10.165407,Menuiserie industrielle
4.0006146,-17.05644,-1.6533165,Structures métalliques
-10.990011,3.9207761,-4.749348,Relation client en établissement de jeux ( Tourisme et loisirs )
13.273074,-0.64479834,2.3796875,Fabrication et transformation de papiers et cartons ( Fabrication et transformation d'éléments )
16.819096,-3.9523962,-2.6100335,"Fabrication de revêtements de sols (moquette, ....)"
-5.7316074,28.480715,-3.1729124,Protection cynophile ( Protection - surveillance - sécurité )
19.430248,0.8779001,8.241175,Première transformation du bois
-6.795952,-5.365242,5.2397842,Sécurité routière
15.670763,-24.911455,-2.4823506,Carrosserie ( Maintenance - entretien technique )
26.203732,9.113691,-7.5725875,Musique ( Spectacle et audiovisuel )
14.163018,-4.7970366,-1.2360204,Serrurerie et fermetures extérieures
22.257708,-1.164232,5.2350297,"Verre plat (vitrage, bâtiment, automobile, ...)"
-12.12193,-5.80246,-11.500101,Fiscalité ( Banque - assurance - finance - fiscalité )
-1.7349056,18.1358,7.731696,Agriculture - sylviculture - pêche
-18.450645,12.138912,8.517024,Santé - médecine - pharmacie
-12.999993,6.075732,5.6755977,Médicosocial
18.191418,-10.264599,9.970725,Chaudronnerie - tôlerie ( Fabrication et transformation d'éléments )
-1.2464658,2.4821885,-11.439107,Actions marketing ( Achat - vente )
-16.984797,17.571964,-2.1066365,Enseignement - formation - orientation
-2.9013548,1.521811,-3.8974228,Support à l'entreprise - Direction d'entreprise
-3.3604257,3.8687892,-9.043351,"Support à l'entreprise - Stratégie commerciale, marketing et supervision des ventes"
4.194409,-2.0225573,8.710951,Industrie - Energie
4.477342,-17.252161,-2.2213078,Structure - charpente ( BTP - construction - aménagement )
2.4512408,-7.481014,13.531773,Automobile
-8.759917,4.938803,-8.110618,Relation client ( Achat - vente )
-7.8575144,24.795721,-3.6894743,Culture et patrimoine ( Tourisme et loisirs )
27.153006,6.2359347,-3.6300642,Arts et Façonnage d'ouvrages d'art - Instruments de musique
-9.099935,8.92998,-8.658712,Hôtellerie
-21.549994,1.0842093,-0.41524312,Conseil à l'emploi ( Conseil - expertise - aide à la décision )
-1.1775405,6.727898,2.9607108,"Contrôle de la conformité d'un produit, d'un service ou d'un équipement"
-11.960071,-9.866559,-11.953864,Banque
-18.620522,19.45728,10.039587,Radiologie conventionnelle
1.8912393,-7.6346707,14.128583,"Aéronautique, spatial"
-5.099863,-19.54703,5.8337927,Eclairage public
13.372349,-8.118217,-1.0554599,Couverture ( BTP - construction - aménagement )
4.7631693,8.193902,0.06440161,"Huiles, corps gras, margarines"
-11.369497,26.633118,8.826304,Chirurgie animale ( Santé animale )
-1.7467906,1.9005935,-13.91791,Communication
-18.187696,7.2784867,2.0836046,Médiation sociale ( Intervention sociale )
-12.326516,-7.948431,-9.820014,"Banque, Assurance, Immobilier - Finance"
14.743265,-13.506082,-10.003946,Manipulation des outils et des équipements
-5.6831098,-3.0312617,19.927105,Police nationale
-8.374142,18.288576,11.117282,Soins aux animaux ( Agriculture - sylviculture - pêche )
-17.230886,17.651905,7.9409842,Radiothérapie ( Santé - médecine - pharmacie )
-9.670732,8.255107,7.290802,Elaboration de menus et de recettes ( Cuisine - restauration )
-1.6529336,-12.463058,16.416306,Construction navale
-6.688071,2.0287457,13.718346,Météorologie ( Sciences )
-9.374423,-10.056327,-12.014996,Banque de réseau
-7.2463555,19.546797,12.114923,Transport d'animaux ( Transport )
5.4915147,3.2074058,2.8223839,"Activités maritimes spécialisées (recherche, avitaillement off shore,...)"
-15.269941,15.089975,14.059036,Santé - Rééducation et appareillage
0.4667521,6.248814,2.9026365,Produits de la mer
-3.6711364,-4.3690157,9.429279,Industrie - Hygiène Sécurité Environnement -HSE- industriels
-11.18814,4.766189,9.999654,Services à la personne et à la collectivité - Développement territorial et emploi
3.926972,-16.640455,13.714015,Organisation de la maintenance ( Maintenance - entretien technique )
8.518821,-4.7852855,-11.15825,Application
0.5819818,-14.000953,13.171902,"Entretien technique (mobilier urbain, bâtiments et locaux) ( Maintenance - entretien technique )"
-13.167552,26.463669,8.602509,Alimentation animale
-2.8932939,13.595527,-12.712572,Loisirs
17.86777,-2.5964117,-6.6155553,"Fabrication de produits textiles (tricotage, tissage, nontissé)"
-2.0467322,-1.6708736,-16.569965,Information - documentation - communication
2.3390388,-16.331364,0.9584215,"Construction, Bâtiment et Travaux publics - Conception et études"
13.620615,-0.99330646,14.292367,Filature
-2.8953464,14.1559725,-14.95295,Cinéma
-2.4467928,-6.294339,21.264418,Marine marchande
8.511798,-20.44839,-14.849483,Design et dessin technique
2.294295,-0.3712694,9.951423,Industrie cosmétique
17.170897,-0.60429853,-15.549573,Habillement et accessoires
-2.797926,-0.13943228,-4.8848753,Support à l'entreprise - Organisation et études
-6.0483656,-13.793439,-11.064013,Voiries et Réseaux Divers -VRD-
-10.039839,9.819837,1.148197,Politiques publiques et territoriales
1.002756,15.070491,-16.309893,Spectacle - Sport professionnel
-5.901742,11.985654,-10.182991,"Hôtellerie-Restauration, Tourisme, Loisirs et Animation - Animation d'activités de loisirs"
-12.572872,25.119095,8.598091,Intervention paramédicale animale ( Santé animale )
2.3115878,10.23938,-2.1169138,"Boissons, alcools"
3.687525,-6.425647,8.382183,Pétrole
3.8413546,-2.4799337,7.4972606,Energies renouvelables ( Environnement )
1.3517499,10.87296,-1.8024019,Sommellerie ( Cuisine - restauration )
6.2143483,-20.091743,3.4515085,Aménagements - agencements intérieurs ( BTP - construction - aménagement )
-12.643484,-7.656179,1.155315,Réalisation d'opérations automatisées ( Production industrielle )
6.4002104,11.163364,3.2034276,Industrie - Alimentaire
11.000281,8.936401,10.287245,Froid commercial
2.6532073,-12.006594,0.692314,Résidentiel
-11.108072,-20.329002,-2.1075542,Exploitation des transports ( Transport )
27.663103,8.170569,-7.353506,Réparation d'instruments de musique ( Métiers d'art )
3.0803635,-27.60468,0.0012761764,Engins de chantier et de manutention
12.571408,-3.440063,22.872898,Optique et lunetterie ( Santé - médecine - pharmacie )
3.249816,2.68938,-24.425066,Organisation de l'édition ( Ecriture et édition )
2.7942574,1.9336143,1.9602232,"Cycle, motocycle"
-16.449945,-9.875349,8.781956,Recyclage
-13.2971525,-6.665171,-6.3253984,Gestion des sinistres ( Banque - assurance - finance - fiscalité )
7.5004153,-19.445032,-14.670744,Design ( Design et dessin technique )
-13.4721365,-9.058783,-9.19826,"Banque, Assurance, Immobilier - Assurance"
-2.723257,3.4755926,-3.784292,Prêt à porter
-2.6205955,-11.304593,2.7133796,Mise en œuvre de modes opératoires et méthodes
-1.4626824,22.344198,9.412297,Agriculture ( Agriculture - sylviculture - pêche )
-13.880652,-25.702526,-4.336815,Exploitation maritime et fluviale ( Transport )
-6.1930656,-1.2320486,19.461597,Police de l'air et des frontières
-11.217143,5.087439,7.287418,"Services à la personne et à la collectivité - Action sociale, socio-éducative et socio-culturelle"
2.122004,17.228094,-15.693663,Spectacle vivant
-0.2347956,10.652403,13.23964,Nettoyage - entretien des chambres ( Nettoyage - entretien )
-21.557705,-1.6555758,-1.6608623,Conseil - consulting ( Réseau et télécom )
-5.8655176,-8.333462,10.436769,Règlementation sanitaire - règles d'hygiène ( Règlementation sanitaire - règles d'hygiène )
9.668925,-4.6192837,-9.503753,Préparation et application sur surfaces à peindre ou à traiter ( BTP - construction - aménagement )
3.5433958,-26.991962,0.3119527,Conduite d'engins de chantier et de manutention ( Engins de chantier et de manutention )
-16.62109,7.194663,2.8242059,Relations sociales ( Ressources Humaines )
-21.085772,12.249687,8.193639,Médecine généraliste et spécialisée ( Santé - médecine - pharmacie )
3.652069,-2.905357,12.820153,Pétrochimie
4.082176,7.4252567,-14.403911,"Communication, Média et Multimédia - Edition et communication"
-11.4635105,6.2656116,7.7176986,Services à la personne et à la collectivité - Conception et mise en oeuvre des politiques publiques
2.7133963,-26.26197,-0.27977246,Préparation - réglages d'engins de chantier et de manutention ( Engins de chantier et de manutention )
-16.61116,-0.44854546,-7.1237617,Notariat ( Droit - juridique - notariat )
-6.7655196,-14.777488,-12.888635,Canalisations - assainissement ( BTP - construction - aménagement )
-1.7580304,-1.8099266,-16.152798,Information et communication
-9.346336,11.905432,-7.8303766,Thermalisme
-6.279139,18.793673,-10.129309,Restauration
-11.761704,-4.524811,5.3302317,Gestion des commandes ( Logistique )
25.1247,9.942928,-7.9278436,Chant ( Spectacle et audiovisuel )
0.2811908,18.344269,9.562596,Horticulture - maraîchage
-1.9726381,-5.3175473,-15.366545,Systèmes d'exploitation et d'information ( Informatique - numérique )
-8.481119,1.5306356,13.575798,"Services à la personne et à la collectivité - Défense, sécurité publique et secours"
-1.8218968,-7.587072,-4.033072,Marchés financiers ( Banque - assurance - finance - fiscalité )
-18.731852,-2.0788012,-5.5456395,"Règlementations, codes et procédures juridiques ( Droit - juridique - notariat )"
1.9230329,-6.204856,-6.726698,Recherche - développement ( Recherche - développement )
-11.669089,-6.9689975,-0.25345078,Traitement des opérations administratives et financières
6.6643972,9.5956,-15.5884495,Télévision
21.65047,-2.2492754,4.4374676,"Verre technique (optique, écrans de télévision, ampoules, vitrocéramique, ...)"
-14.149848,2.8234541,7.701204,Administration pénitentiaire
-9.552164,18.376112,4.630546,Hydrothérapie
-20.933151,13.056132,9.285157,Médecine dentaire ( Santé - médecine - pharmacie )
0.29229397,-15.534194,2.2819936,"Construction, Bâtiment et Travaux publics - Second oeuvre"
11.308857,-19.257391,-6.042624,Montage - câblage ( Electricité - électronique - génie mécanique )
3.3497133,-3.8446555,-8.240589,Traduction - interprétariat ( Langues )
-4.3552837,14.356106,-7.121539,"Produits culturels (disques, DVD, ...)"
1.9618095,-6.438063,-3.6967616,Scientifique
11.439993,-0.12526633,1.3277028,"Papiers industriels et spéciaux (fiduciaire, papier filtre, papier abrasif, ...)"
1.5078814,-29.007824,0.79662997,"Levage, manutention"
26.600819,2.3621957,0.26003423,"Arts et Façonnage d'ouvrages d'art - Métal, verre, bijouterie et horlogerie"
5.575513,-5.7859306,19.210623,Génie militaire
-21.886503,1.7084545,-0.054723237,Emploi
-4.6794634,10.773274,-7.811454,Direction musicale ( Spectacle et audiovisuel )
26.193407,5.1352024,0.43854785,Arts et Façonnage d'ouvrages d'art - Tissu et cuirs
-0.2692637,13.728974,12.606181,Nettoyage - entretien d'espaces urbains ( Nettoyage - entretien )
14.333245,0.6210354,6.790777,Jouets
11.739181,-22.258327,-2.0847955,"Installation et Maintenance - Véhicules, engins, aéronefs"
-1.5238236,0.51377445,-2.7535112,Support à l'entreprise - Secrétariat et assistance
-15.36654,-5.2439933,0.1365911,Réalisation d'un audit ou d'un contrôle de gestion ( Comptabilité - contrôle de gestion - audit )
-9.274657,8.3049,25.084963,"Sciences physiques, biologie et chimie ( Sciences )"
15.459176,-10.498571,0.41361073,"Béton (armé, manufacturé, pré-contraint)"
-17.374027,-20.910347,-1.861701,Commissionnaire en douane
2.9123356,-0.801218,9.602518,Industrie
1.803052,-12.848624,-12.689404,Bureautique
2.51812,6.263689,-7.7829194,Vente par correspondance
-1.5019847,-15.854274,2.0690324,Bâtiment gros oeuvre
26.676823,-8.924415,-7.385199,Broderie
19.692213,-0.52906847,2.0499084,Industrie céramique
-20.392527,-19.660059,-2.07343,Organisation du fret  ( Transport )
8.468121,-4.349316,-17.089832,Conception et réalisation architecturales ( BTP - construction - aménagement )
2.7829213,2.058284,5.5989246,Evaluation des performances et/ou des résultats
1.1025162,11.038901,13.291086,Nettoyage - entretien de locaux ( Nettoyage - entretien )
-2.2703602,15.06595,-13.717016,Sport
-1.8701606,-8.2916765,-13.256188,Informatique et télécommunications
-9.576354,3.1523113,-8.694914,Services après-vente et suivi des clients ( Achat - vente )
-4.6101413,-10.182114,3.9071834,Mise en place de la sécurité ( Protection - surveillance - sécurité )
5.628401,-26.399921,0.06947156,Conduite sur rails ( Transport )
5.17591,3.8277876,-0.24811535,Machinisme
-10.071428,8.912883,27.06171,Chimie minérale
10.736732,-22.506786,-4.6344466,Contrôle technique véhicules ( Maintenance - entretien technique )
-10.775126,-1.3954349,13.547847,Interventions de sécurité et de secours ( Protection - surveillance - sécurité )
18.413664,-6.3686805,-12.819161,Edition textile
-16.362364,-9.933055,8.681424,Traitement et recyclage ( Environnement )
2.9820623,17.61586,-4.1648827,Puériculture - petite enfance ( Santé - médecine - pharmacie )
11.298628,14.437541,-5.171672,Parfumerie ( Métiers d'art )
3.9721885,-17.714466,18.008684,Maintenance d'équipements domestiques ( Maintenance - entretien technique )
-7.0517664,13.747382,-9.073275,"Hôtellerie-Restauration, Tourisme, Loisirs et Animation - Production culinaire"
-6.7409396,-9.294068,-12.315075,Téléphonie
4.1928034,1.697404,4.95684,Industrie - Qualité et analyses industrielles
-8.289428,0.25850347,12.893246,Sécurité publique ( Protection - surveillance - sécurité )
-4.6488724,27.78343,-2.3077786,Protection - surveillance ( Protection - surveillance - sécurité )
3.2388887,-13.191958,1.1487564,Bâtiment tertiaire
2.6004417,2.9101498,-7.0803986,Location - vente immobilère ( Immobilier )
2.9217355,-4.829567,-7.6150527,Recherche et veille documentaire ( Information - documentation - communication )
1.6999079,-6.533081,-5.056974,"Industrie - Conception, recherche, études et développement"
5.740746,4.9264855,-23.942543,Imprimerie
18.656559,5.682346,8.115712,Gravure industrielle
-0.8839951,15.210042,12.179822,Entretien et aménagement des espaces naturels ( Environnement )
7.9975953,-6.789989,18.044422,Electricité - électronique - génie mécanique
20.595934,3.628247,-12.642829,Chapellerie ( Métiers d'art )
5.5482597,-6.0528345,10.22606,Distribution d'électricité
6.647535,-10.432466,-3.9306214,Calculs
16.389063,-8.018586,17.075249,Horlogerie
17.292576,5.9324536,8.571792,Production industrielle
-15.687786,16.665377,-5.143831,Enseignement privé hors contrat
-14.228368,-17.532358,3.3379304,Permis - titres - certifications - habilitations de transport ( Transport )
-10.6774235,-2.5415387,-1.6212362,Support à l'entreprise - Comptabilité et gestion
0.970262,-7.5318866,15.202478,Armement
19.776129,0.41061622,8.360609,Transformation industrielle du bois ( Fabrication et transformation d'éléments )
26.913153,5.4246387,-2.082285,Arts et Façonnage d'ouvrages d'art
6.0089083,10.088005,-1.8027577,"Boulangerie, pâtisserie industrielle"
2.3680925,9.279895,11.674497,Techniques et matériel de nettoyage ( Nettoyage - entretien )
0.8372931,9.951099,15.259205,Nettoyage - entretien des textiles et du linge ( Nettoyage - entretien )
-5.426811,-3.1346366,0.4068814,Travail en équipe
-29.673351,9.053196,-0.5783785,Secrétariat médical ( Secrétariat )
-18.953093,-4.497663,5.6361938,Analyses - mesures
17.770975,-1.8237114,-19.000662,Mode et stylisme
-9.970373,5.1710052,10.482732,Services à la personne et à la collectivité - Recherche
20.595934,3.628247,-12.642829,Chapellerie
0.21579215,-17.740788,-0.50628585,"Construction, Bâtiment et Travaux publics - Extraction"
4.6996117,-5.3400974,11.340949,Industrie - Electronique et électricité
4.230188,-17.008234,19.500666,Réparations automobile et d'articles domestiques
18.029194,-4.3405323,-3.2990675,Pose et dépose de revêtements de sol et muraux ( BTP - construction - aménagement )
2.6337292,18.025835,-17.037415,Spectacle - Techniciens du spectacle
-6.5862446,-10.403848,-13.799723,Gestion de réseau et télécom ( Réseau et télécom )
5.4268928,5.1385927,-15.470502,Editeur multimédia
20.469803,-4.9841495,-12.805465,"Techniques et procédés des industries textile, de la chaussure et du cuir ( Fabrication et transformation d'éléments )"
2.8489735,19.035315,-17.311987,Spectacle
-10.102827,13.625654,-9.190555,Thalassothérapie
7.174461,-4.8863764,-13.463997,Conception Web ( Informatique - numérique )
-21.344484,6.1895585,6.3753934,Prévention et gestion des risques
-6.9975123,12.430603,-9.57968,"Hôtellerie-Restauration, Tourisme, Loisirs et Animation - Service"
-9.346654,7.5389853,12.842637,Services à la personne et à la collectivité - Services funéraires
-29.269009,9.805639,0.08614638,Médical
-3.4900956,6.413729,-9.96488,Animation commerciale ( Achat - vente )
26.101072,-8.934859,-8.567912,Tissage
-4.1200123,8.383295,2.1111948,Services hôteliers ( Hôtellerie )
-6.751182,1.3776025,21.324806,Armée
-8.084092,0.02644351,0.9999391,GPEC ( Ressources Humaines )
-12.318312,-6.332499,-10.360064,Banque - assurance - finance - fiscalité
4.926519,7.508538,-14.481776,"Communication, Média et Multimédia"
9.639987,-14.0291195,7.518095,Chauffage
2.873208,-15.850574,14.63022,Installation et Maintenance - Encadrement
6.2088366,-20.089733,3.454335,Aménagements - agencements extérieurs ( BTP - construction - aménagement )
-13.195551,13.683374,6.990592,Décontamination - dépollution ( Nettoyage - entretien )
9.752118,-11.397281,14.851095,Electronique ( Electricité - électronique - génie mécanique )
0.93544096,20.187073,4.139913,Sylviculture
-14.485078,15.3910475,5.7110124,Transmission de ses savoirs professionnels
24.30717,-2.1854868,-4.883114,Routage de produits imprimés ( Impression - prépresse - reprographie )
8.542889,-0.7463858,1.7793735,Industrie graphique
-13.403292,27.029474,9.982629,Reproduction animale ( Santé animale )
4.7258205,2.5933495,3.6898015,"Industrie - Direction, encadrement et pilotage de fabrication et production industrielles"
3.201111,6.429701,-6.163164,"Commerce, Vente et Grande distribution - Force de vente"
-10.395566,10.304999,-11.107308,Evènementiel
6.4396963,25.162386,8.12615,Grande pêche
7.2968454,-8.168259,6.7829924,Distribution d'eau potable
20.198242,-2.0121574,3.8217392,"Verre, matériaux de construction"
16.389063,-8.018586,17.075249,Horlogerie ( Métiers d'art )
-5.714174,13.990125,-7.3581185,"Hôtellerie-Restauration, Tourisme, Loisirs et Animation - Conception, commercialisation et vente de produits touristiques"
-9.814519,5.436108,8.011851,Services à la personne et à la collectivité - Culture et gestion documentaire
8.018942,-5.0648317,18.979755,Mécanique
-0.8564463,-23.330988,-4.0416393,Extraction de roches ( Extraction )
23.29233,-2.918841,5.532015,Verre
-3.086351,7.587185,3.2627397,Services à la personne
-12.282181,2.8854318,-1.9058756,"Gestion de situations interpersonnelles, difficiles ou d'urgence"
28.549938,3.3899024,1.5041165,Bobinage ( Electricité - électronique - génie mécanique )
-10.059764,2.6381507,7.41314,Services à la personne et à la collectivité - Formation initiale et continue
1.9471096,4.69451,-6.3977823,Achat - vente
13.60119,-13.814516,-10.099858,Manipulation de chiffres des ordres de grandeur
2.7372997,-6.4163527,-6.474045,Recherche et développement
5.141672,17.71331,-19.562399,Spectacle et audiovisuel
-8.8351755,6.0448017,-8.122509,Relation client en hôtellerie ( Hôtellerie )
-21.214245,7.151641,6.3952284,Prévention des risques ( Prévention et gestion des risques )
4.8969693,17.443016,-19.252913,Création artistique pour le spectacle et l'audiovisuel ( Spectacle et audiovisuel )
-12.797615,26.189016,8.691646,Santé animale
-3.9377778,7.0618386,11.320253,Services à la personne et à la collectivité - Nettoyage et propreté industriels
-5.8655176,-8.333462,10.436769,Règlementation sanitaire - règles d'hygiène
10.355547,-24.845238,-4.0155888,Véhicules particuliers
-9.2261305,11.499301,-10.394552,"Hôtellerie-Restauration, Tourisme, Loisirs et Animation - Accueil et promotion touristique"
5.586266,5.787595,-15.037039,Internet et Multimédia
-18.655731,-19.808113,-0.837964,Transport et Logistique - Organisation de la circulation des marchandises
1.4558027,-10.114101,-9.332187,"Réalisation de tests, essais, expérimentations ( Analyses - mesures )"
2.2862558,18.479849,-3.2882092,Puériculture
17.50668,-3.4312224,-4.470021,"Revêtements textiles (tapis de sols et moquettes en aiguilleté, ...)"
2.9653468,-3.208667,22.130714,Artillerie
-3.9006407,-3.0207303,-18.600601,Archivage et référencement de documents et d'informations ( Information - documentation - communication )
1.4441607,-17.332705,16.926903,"Installation et Maintenance - Equipements de production, équipements collectifs"
4.086844,-14.025674,1.5674113,Bâtiment industriel
16.995338,-13.039451,-10.618109,Programmation et réglages de machines et d'équipements industriels ( Production industrielle )
-4.9712453,-3.5112648,21.21383,Gendarmerie Nationale
3.2846901,6.6787076,4.0673175,"Lait, produits laitiers"
-5.0294,-12.255935,2.2525902,Contrôle et mise en forme de contenus ( Ecriture et édition )
14.540254,0.4284773,14.349662,"Tannerie, mégisserie"
17.580757,2.8527088,-5.9279876,"Teinture textiles, cuirs et peaux ( Fabrication et transformation d'éléments )"
6.609454,4.541546,5.459537,Industrie - Préparation et conditionnement
-9.85972,13.828524,-14.130751,Tourisme ( Tourisme et loisirs )
17.267391,-13.691337,-8.768818,"Fonctionnement des matériels, machines ou systèmes"
-9.6306505,-21.491987,-1.6496942,Exploitation ferroviaire ( Transport )
-9.149331,8.300844,26.136698,Chimie
-9.078275,10.144783,14.069582,Services funéraires et soins mortuaires ( Services funéraires et soins mortuaires )
15.193397,-0.11135488,6.559716,Fabrication de jouets en bois
-2.9238193,-2.4696457,-15.222097,Diffusion de l'information ( Information - documentation - communication )
1.0823642,-16.357962,0.50695306,"Construction, Bâtiment et Travaux publics"
3.2482264,-4.158265,2.0544791,Nanoélectronique
4.80819,-13.945054,14.855851,Constructeur de matériel informatique
-1.8569585,17.096346,10.176003,"Agriculture et Pêche, Espaces naturels et Espaces verts, Soins aux animaux - Production"
-16.368032,5.387343,4.6015964,Réinsertion sociale ( Intervention sociale )
4.3719172,8.483331,6.8117247,Techniques de production alimentaire ( Agroalimentaire et métiers de bouche )
9.858811,-0.6251259,1.7098899,"Papiers à usage graphique (papier journal, papier d'écriture, ...)"
15.531582,-10.701429,0.48480457,Maçonnerie - béton ( BTP - construction - aménagement )
-8.597008,3.1211743,22.65667,Armée de Terre
17.96814,-11.275449,10.046724,"Chaudronnerie, tuyauterie"
8.22107,0.81191915,10.030133,Procédés et traitements thermiques ( Energétique - thermique )
15.065441,-0.9967653,2.9735658,Fabrication et transformation d'éléments
6.2001424,9.023554,-4.955431,Electroménager
8.52302,-25.739782,-2.834133,Dépannage sur route
8.871291,-20.806187,-14.910771,Dessin technique ( Design et dessin technique )
5.650872,19.697596,-13.415373,Soins esthétiques et corporels
0.2880009,-13.146747,15.275391,Entretien - maintenance aéronautique ( Maintenance - entretien technique )
-18.261742,1.1451833,-6.177517,Spécifités du droit ( Droit - juridique - notariat )
24.198362,7.256218,-2.8208067,Naturalisation - taxidermie ( Métiers d'art )
26.035526,4.7375593,-1.8051604,Arts et Façonnage d'ouvrages d'art - Céramique
-18.47396,-19.05649,0.043685924,"Transport et Logistique - Magasinage, manutention des charges et déménagement"
17.255487,-6.8769937,-12.942484,Edition
-0.2748371,14.51759,-15.29557,Danse ( Spectacle et audiovisuel )
-19.725956,-20.694563,0.39782953,Douanes
-17.55409,16.303844,-1.9585729,Orientation professionnelle ( Enseignement - formation - orientation )
4.5957036,8.201533,-3.3058755,"Commerce, Vente et Grande distribution - Commerce alimentaire et métiers de bouche"
7.452422,-9.945451,16.127441,Intervention sur matériel électrique ou électronique ( Electricité - électronique - génie mécanique )
1.9300104,9.76761,12.30007,Nettoyage - entretien de matériels et d'installations ( Nettoyage - entretien )
9.600232,5.0327654,5.0680137,"Conditionnement, emballage"
13.934467,-5.4314003,1.1812218,Fabrication de chalets et de maisons à ossature bois
2.9976847,0.31767035,0.031689312,Industrie - Affaires et support technique client
-4.6521206,0.2516247,-7.0604324,Coordination de partenariats
20.61801,-0.28175545,7.223256,Transformation industrielle du verre ( Fabrication et transformation d'éléments )
0.88465065,-14.201233,14.135338,Maintenance - entretien technique
11.636545,0.56397325,0.30481273,Effets spéciaux ( Spectacle et audiovisuel )
27.2378,-0.9147764,-11.777348,Maroquinerie
16.308159,-5.673881,0.07943055,Plâtre
-18.929955,-3.3209696,4.3835564,Méthodes d'analyse et de quantification ( Analyses - mesures )
-1.8812673,18.20823,10.447928,"Agriculture et Pêche, Espaces naturels et Espaces verts, Soins aux animaux - Etudes et assistance technique"
2.1119683,4.2009363,-7.5243945,Vente ( Achat - vente )
-2.9809182,-5.972814,-12.675418,Applications mobiles
-9.7092495,-2.8992686,4.2478275,Gestion de production ( Production industrielle )
3.1526263,9.645407,8.012779,Techniques agricoles ( Agriculture - sylviculture - pêche )
6.601482,18.39191,-21.186996,Audiovisuel
0.26109767,-6.8485675,-16.892693,Utilisation et paramétrage de logiciels - progiciels ( Informatique - numérique )
-3.6501265,7.869087,4.631787,Service en salle ( Cuisine - restauration )
3.8376255,-14.75567,14.547335,Assistance technique et maintenance informatique ( Informatique - numérique )
26.21399,-0.52771664,2.4326384,Verrerie ( Métiers d'art )
-21.59024,5.472796,6.42822,Gestion des risques ( Prévention et gestion des risques )
7.8333187,-26.072474,-2.405938,Conduite sur route ( Transport )
1.7640506,7.321774,-5.7380943,Merchandising ( Achat - vente )
-6.512016,11.912813,-8.641504,"Hôtellerie-Restauration, Tourisme, Loisirs et Animation - Gestion et direction"
18.716715,-9.711968,-8.981964,Moulinage
2.924818,5.8605943,3.0788763,Produits à base de céréales
-17.254128,-3.3431854,1.954321,Diagnostic et analyse d'un besoin
-2.4169564,14.454657,-13.23082,Sport et loisirs
-15.489795,-8.97095,-8.606442,Contrats d'assurance ( Banque - assurance - finance - fiscalité )
10.361261,4.0686193,4.651159,Fabrication d'emballages
0.600537,9.471608,16.338533,Linge de maison
16.55774,-0.44502643,-16.813335,Accessoires de mode
22.036003,12.478407,4.3698955,"Bijouterie, joaillerie"
-3.606125,16.032843,-12.256832,Œnologie ( Agriculture - sylviculture - pêche )
-12.831745,5.976463,20.228975,Support à l'entreprise - Ressources humaines
0.86352134,-13.363692,-27.450981,Réalisation d'impression ou de reprographie ( Impression - prépresse - reprographie )
-3.1791198,27.095602,-2.2972925,Surveillance du territoire
-15.966422,-22.585014,0.78376776,Transport de marchandises ( Transport )
-9.500182,-1.4223725,5.1619844,Ingénierie de production ( Production industrielle )
-11.066518,-1.9212046,-3.030062,Tenue de caisse ( Achat - vente )
-4.338888,-7.9538035,-14.390303,Radio
27.757929,-0.5073631,-11.3851,Maroquinerie - sellerie ( Métiers d'art )
2.1201658,-13.020845,-28.079618,Reprographie
5.41185,5.3290095,-22.331335,Imprimerie de presse
-1.6021469,-0.37981337,-17.32776,Journalisme ( Information - documentation - communication )
-0.080590874,-14.843145,-1.2017113,Travaux publics
-10.245811,0.3771988,6.6888833,Evaluation - certification de formation ( Enseignement - formation - orientation )
6.234411,18.249842,-14.645465,Coiffure ( Soins esthétiques et corporels )
-12.893924,-7.79225,-8.471615,"Banque, Assurance, Immobilier - Gestion administrative banque et assurances"
-3.0863814,7.5871453,3.2627468,Services
-11.597359,-9.622582,-8.270913,"Banque, Assurance, Immobilier - Immobilier"
26.79129,8.867907,-1.9348627,Théatre et cirque ( Spectacle et audiovisuel )
-17.316467,18.407839,-2.4677098,Enseignement et coaching sportif ( Sport )
17.063585,6.6532645,9.699684,Blanchisserie industrielle
-8.64905,0.8634612,6.1685405,Domaines de formation ( Enseignement - formation - orientation )
12.521775,-3.5032969,22.826815,"Optique, optronique"
-14.025122,-7.0968065,0.10586372,Réaliser
-15.664814,17.96823,-2.9366343,Education / Enseignement
27.560736,1.3165288,-0.52581275,Orfèvrerie
13.1226225,-3.5809872,11.893822,"Industrie - Mécanique, travail des métaux et outillage"
2.8450906,-17.193655,2.281727,BTP - construction - aménagement
-6.5345373,19.491531,-9.975231,Restauration d'objets ( Métiers d'art )
-4.848147,-4.6879535,9.331515,"Sécurité, hygiène, environnement"
-4.429932,27.610949,-2.4783697,Protection - surveillance - sécurité
16.88197,-1.8225192,-8.943866,Cordonnerie ( Métiers d'art )
-9.821657,16.183172,9.328088,Santé - Soins paramédicaux
-0.8515641,-23.34074,-4.0406384,Extraction
-9.280347,-9.936406,-4.873288,Gestion d'immeuble (Immobilier)
6.7672873,12.212662,3.5410695,Réalisations alimentaires ( Agroalimentaire et métiers de bouche )
8.995255,-10.676204,20.558123,Electricité ( Electricité - électronique - génie mécanique )
3.2300267,6.959443,-2.6686594,Coutellerie
-15.139871,-3.9468088,-0.610211,Comptabilité - contrôle de gestion - audit
6.9177322,13.18405,3.6483185,Préparations alimentaires ( Agroalimentaire et métiers de bouche )
-11.236293,3.7487998,-4.2414446,Gestion d'établissement de jeux ( Tourisme et loisirs )
-11.997771,-3.757597,4.18248,Gestion des stocks et inventaires ( Logistique )
-8.871943,12.204592,-9.465259,"Hôtellerie-Restauration, Tourisme, Loisirs et Animation - Accueil en hôtellerie"
16.495323,-0.90580535,9.917673,Industrie - Bois
7.3464184,11.73197,4.33714,Alimentaire
-12.913517,3.7820768,7.486642,Administration / Services de l'Etat
-16.490936,17.736734,-0.24359246,Ostéopathie ( Santé - médecine - pharmacie )
-8.963921,-3.9981396,1.6874363,Gestion de biens (Immobilier)
6.224387,26.557756,8.39361,Pêche côtière
-4.6244307,-0.680503,-5.965201,Organisation - coordination des services à la personne ( Services à la personne )
0.93374056,-15.4436865,0.054622155,Bâtiment et Travaux Publics -BTP-
1.924128,-11.561342,-25.73433,Prépresse
-7.606575,8.658912,-19.958628,Pratique sportive ( Sport )
19.93766,-5.3365827,-13.002416,Industrie - Cuir et textile
5.7889094,2.4474661,16.199116,Industrie - Papier et carton
-16.57212,14.234823,14.006821,Rééducation - kinésithérapie ( Santé - médecine - pharmacie )
10.576399,8.317432,9.529718,Froid et conditionnement d'air
5.340646,-6.464922,19.537596,Génie civil
1.0286127,-11.243899,-14.56756,Création numérique ( Informatique - numérique )
0.30774322,15.718207,8.047027,Récolte ( Agriculture - sylviculture - pêche )
-0.4043139,-2.4977734,-15.609905,Représentation d'une information visuelle
-9.261017,-3.751876,0.05584631,Management et gestion d'entreprise
4.6976824,0.78542763,0.07250736,"Monnaie, titre et poinçon"
15.586835,0.30982265,12.724401,Scierie
-8.25181,12.556112,-12.1334715,Tourisme et loisirs
10.517059,-15.275871,7.4802594,Plomberie ( BTP - construction - aménagement )
-6.8871064,10.852422,-6.561868,Gestion hôtelière ( Hôtellerie )
6.8503494,14.174694,3.4700322,Préparations et réalisations culinaires ( Cuisine - restauration )
-4.040412,-2.5428548,-18.851662,Rédaction de documents ( Ecriture et édition )
-2.748377,7.7985578,12.280134,"Propreté, nettoyage"
3.2804315,9.099969,9.273968,Techniques
15.456137,0.41218472,15.502603,Bonneterie
17.8457,-4.154987,-9.039623,Ennoblissement textile
-3.548744,7.4811645,9.642457,Vaisselle
-1.8099288,-1.2701101,-5.2471066,Projection audiovisuellle ( Spectacle et audiovisuel )
-7.021946,-0.15509103,16.544247,Arme Blindée
-2.2566645,2.877184,-10.725439,Stratégie marketing ( Achat - vente )
-16.313257,6.939,3.357642,Accompagnement et suivi social ( Intervention sociale )
20.374239,-6.9130807,-12.558447,Confection textile
8.423833,0.490734,9.867318,Industrie - Traitements thermiques et traitements de surfaces
7.8281584,2.3915238,10.704751,Techniques et procédés de soudage - brasage ( Fabrication et transformation d'éléments )
-9.499513,7.3072824,-21.574762,Légion étrangère
3.192448,-5.3351655,2.6415222,Microélectronique
13.7404785,1.606107,14.3532915,Ganterie
17.561783,2.9879756,-5.889272,Travail des cuirs et peaux ( Fabrication et transformation d'éléments )
-3.879743,6.563408,-10.868408,Animation d'un réseau ou d'un groupe
2.381682,-28.860218,0.59357417,Manutention ( Logistique )
11.298628,14.437541,-5.171672,Parfumerie
-0.9069004,17.56378,13.077431,"Aménagement d'espaces verts, de parcs et de jardins"
16.10667,0.80082643,-16.41757,Costumes et accessoires ( Spectacle et audiovisuel )
-14.320923,14.757842,7.3283734,Santé - Professionnels médico-techniques
4.2665815,-3.924518,12.407192,"Métallurgie, sidérurgie"
-0.7386731,-18.460938,-1.6369811,Forages ( Extraction )
-9.950203,15.757229,9.015894,"Assistance, conseils et soins infirmiers ( Santé - médecine - pharmacie )"
4.656473,-7.361861,9.024654,Gaz
12.292174,-22.464853,-2.1419086,Mécanique véhicule et engins ( Maintenance - entretien technique )
24.431517,7.2721334,-0.5877935,Ferronnerie ( Métiers d'art )
0.61547077,13.686135,-20.395426,Réalisation audiovisuelle ( Spectacle et audiovisuel )
25.343332,4.97074,7.6135507,Tapisserie - ameublement ( BTP - construction - aménagement )
-14.9098015,-18.86552,1.3744259,Transport de personnes ( Transport )
1.8202541,1.1414014,10.228123,Parapharmacie
-8.704598,10.5165205,22.8625,Instrumentation médicale
27.207876,4.4723535,-0.33551264,Arts et Façonnage d'ouvrages d'art - Fibres et papier
-18.98556,-4.964585,6.2032084,Mesures et collecte de données ( Analyses - mesures )
-31.38612,8.20745,-1.4446982,Secrétariat
-19.186417,-8.697528,-1.6347469,Système qualité ( Qualité )
-5.597119,19.694305,12.136387,Elevage ( Agriculture - sylviculture - pêche )
5.468213,-2.7189941,8.782283,"Energie, nucléaire, fluide"
-5.989287,18.029055,-10.302262,Cuisine - restauration
-1.1563324,-7.417718,-4.227038,Etude de marché ( Achat - vente )
-1.542716,-5.9026127,-14.980361,Stratégie et conception de systèmes d'information ( Informatique - numérique )
0.974536,-19.744732,7.2443075,Installation et Maintenance - Travaux d'accès difficile
8.791926,-7.8685646,18.726,Electromécanique
-2.2963197,1.1185846,-4.026926,Support à l'entreprise
-0.69060105,14.6995125,-12.235038,Nautisme
28.954393,7.830419,-7.856517,Facture d'orgue ( Métiers d'art )
-1.6460606,2.102958,-13.156384,Actions de communication ( Information - documentation - communication )
-8.027596,-4.6404715,3.8748767,Gestion du plan de sécurité ( Protection - surveillance - sécurité )
9.631718,-14.009433,7.521008,Chauffage et climatisation ( BTP - construction - aménagement )
14.492501,-4.4484715,11.816385,Usinage ( Fabrication et transformation d'éléments )
12.421862,-3.6790926,-9.227443,Traitement des fibres et tissus ( Fabrication et transformation d'éléments )
1.4397951,-6.528958,-14.806526,Langages et outils de programmation ( Informatique - numérique )
-2.5085785,2.4754677,-12.445216,Stratégie de communication ( Information - documentation - communication )
7.442662,-8.3,6.4552674,Eau
-19.286036,-8.333393,-0.6538656,Qualité
-14.807399,-2.9877574,-1.8738716,Gestion et contrôles comptables ( Comptabilité - contrôle de gestion - audit )
8.622757,-6.3656516,16.550549,Micromécanique
1.38492,19.0646,-17.918167,Décors de spectacle ou audiovisuels ( Spectacle et audiovisuel )
19.954515,-1.5099057,3.2506952,"Industrie - Matériaux de construction, céramique et verre"
-15.855049,9.057877,3.266714,Intervention sociale
9.24363,5.6336093,5.311513,Conditionnement ( Logistique )
-7.172358,4.7033257,-8.033681,Relations commerciales transports ( Transport )
13.106034,-3.1563714,11.573266,"Mécanique, travail des métaux"
18.468178,-2.7315817,3.952572,Matériaux de construction
-9.488477,-0.19422029,5.9521046,Ingénierie de formation ( Enseignement - formation - orientation )
-15.394258,-9.622583,-9.096392,Assurance
0.9746072,-11.084554,-13.81458,Informatique - numérique
4.6192484,-0.57547086,3.4856658,Cuisines professionnelles
10.570855,-4.247321,-9.473737,Traitement de surfaces ( Fabrication et transformation d'éléments )
6.1207447,6.289906,-3.2082286,Motoculture de plaisance
17.480124,-11.831126,-9.829718,Conduite et régulation d'équipements et machines ( Energétique - thermique )
-7.4818683,19.28733,11.909942,Diagnostic animal ( Santé animale )
-4.8502603,3.956848,-8.003493,Négociation
-9.525956,7.886222,27.060545,Chimie organique
3.2316298,17.308304,-4.4801183,Petite enfance
2.343805,13.282276,-19.623692,Régie de spectacles et audiovisuelle ( Spectacle et audiovisuel )
-9.451898,9.581985,7.095736,Diététique ( Santé - médecine - pharmacie )
-14.33909,14.684589,15.481247,Orthoptie ( Santé - médecine - pharmacie )
5.3984246,7.773347,-9.723405,Distribution de journaux et publicité
17.531088,-2.9991615,-8.199275,Opérations d'ennoblissement de produits textiles ( Fabrication et transformation d'éléments )
25.305138,2.2941644,0.1310446,Métallerie ( Métiers d'art )
-11.74248,3.3449397,-3.1375256,Gestion d'établissement scolaire ( Enseignement - formation - orientation )
29.424025,5.252548,-1.6748546,Arts plastiques
15.89612,3.610688,2.3729546,Viande
16.82182,-12.994342,-9.971325,Utilisation de machines et d'équipements industriels ( Production industrielle )
0.079893164,-6.4094753,-15.630621,"Utilisation des technologies de l'information, des outils informatiques et/ou bureautiques"
-23.096478,-15.20238,3.6375217,Pilotage aérien ( Transport )
4.8615417,8.696928,-1.5444212,Agroalimentaire et métiers de bouche
4.0281773,7.3856206,6.134001,Production agroalimentaire ( Agroalimentaire et métiers de bouche )
-15.94207,-22.687052,0.55135244,Transport de marchandises
27.218277,8.205049,-7.0677633,Fabrication d'instruments de musique ( Métiers d'art )
26.623842,3.1638093,-4.1437793,"Agencement, décoration intérieure"
2.2823524,11.969089,13.803445,Nettoyage - entretien des vitres ( Nettoyage - entretien )
-5.679023,-6.441855,7.0662675,"Application des normes , procédures, règles"
1.1523858,-0.9928376,10.643656,Industrie - Chimie et pharmacie
-0.047474172,-18.665575,1.7356687,Démolition
-16.454597,-3.8483284,0.7903563,Diagnostic - conseil suite à un audit ou un contrôle de gestion ( Comptabilité - contrôle de gestion - audit )
3.498965,10.92104,-6.660241,Commerce
-0.5153402,-14.367456,-2.1370916,Travaux de voirie et d'espaces publics ( BTP - construction - aménagement )
-10.964374,4.97547,12.652704,Services à la personne et à la collectivité - Droit
-9.115563,-22.151724,-1.3828187,Ferroviaire
28.192646,6.8325877,-0.41195107,Métiers d'art
-17.99873,18.846493,9.752294,Radiologie - imagerie ( Santé - médecine - pharmacie )
15.389245,-3.1814876,1.2985222,Fabrication de charpentes
-11.523587,-7.6665316,-1.2182496,Traitement bancaire ( Banque - assurance - finance - fiscalité )
3.944073,9.691385,-3.137921,"Meunerie, café"
6.7414494,-10.45427,-3.8081405,Dimensionnement
10.457452,9.802764,-0.16664839,"Conserves, surgelés"
-8.439656,7.1347733,-20.893692,Langues
-12.278698,5.869258,20.937368,Ressources Humaines
8.453873,-4.353592,-16.8488,Conception et réalisation 
0.98459876,-4.0244594,21.49922,Fusilier marin / Fusilier commando
-29.695755,7.771911,-1.6471775,Secrétariat commercial ( Secrétariat )
8.975202,-5.092081,-8.752794,Traiter
21.741447,-4.600475,-12.964446,Chaussure
-3.5261514,-19.028036,-4.1472383,Prospection et exploitation de gisements ( Extraction )
5.4363394,26.511541,10.039901,Pêche ( Agriculture - sylviculture - pêche )
5.7307267,-12.536882,11.638802,Fabrication et réparation de systèmes horlogers
-11.663192,-20.393885,-2.5919921,Exploitation transport routier ( Transport )
-18.197746,7.541356,4.990335,Prévention sociale ( Intervention sociale )
1.5413417,-12.296209,-26.749233,Impression - prépresse - reprographie
-18.964607,-17.812286,-3.1604795,Logistique
1.3749652,-14.772031,14.391674,Installation et Maintenance - Entretien technique
28.032347,3.0215242,-4.1450105,Ornementation - décoration ( Métiers d'art )
-11.446305,5.6669674,21.832218,Sciences humaines et sociales ( Sciences )
19.805285,-3.9543211,-12.637588,"Habillement, cuir, textile"
-12.360867,-20.395132,-3.835416,"Réseau routier, autoroutier"
-7.988455,-6.641765,-0.68787044,Personnel navigant ( Transport )
-15.575615,-5.3863425,-12.592371,Finance ( Banque - assurance - finance - fiscalité )
0.42534825,-9.977234,-12.591558,Informatique
7.42611,3.3387833,-6.9208126,Livraison - distribution ( Logistique )
-13.8521,-21.116127,0.1310634,"Transport (aérien, ferroviaire, maritime, ...)"
-8.664252,-3.4181192,-1.9368277,Gérer
-9.924397,5.1538606,11.554788,Services à la personne et à la collectivité - Accompagnement de la personne
18.10725,-4.0046263,4.3586626,Spécificités des matériaux ( Fabrication et transformation d'éléments )
-15.722209,-4.6273813,-0.049749315,Audit et contrôle de gestion ( Comptabilité - contrôle de gestion - audit )
-9.71908,5.859632,11.864039,Services à la personne et à la collectivité
-10.743773,-5.432461,-0.16932729,Gestion financière des travaux ( BTP - construction - aménagement )
3.886332,11.319313,-6.7335534,Commerce de gros
-7.079816,-3.6966755,19.140907,Police judiciaire
5.2140594,7.7975087,-11.652159,Publicité
7.124617,3.6323133,-6.8038487,Commerce/grande distribution
-8.267127,-11.216105,-14.104333,Réseau ferré
6.2728157,0.8645956,5.2757826,Mathématiques ( Sciences )
-6.257041,-2.2907321,19.015926,Police militaire
-7.7248187,12.364045,-10.305176,"Hôtellerie-Restauration, Tourisme, Loisirs et Animation"
27.088854,4.405636,-2.837124,Arts et Façonnage d'ouvrages d'art - Décoration
-5.9194217,-6.0757475,6.728414,Normes et réglementation de la sécurité ( Protection - surveillance - sécurité )
7.0320926,17.72497,-21.083023,Montage audiovisuel ( Spectacle et audiovisuel )
2.75288,-16.79277,-0.36284748,"Construction, Bâtiment et Travaux publics - Montage de structures"
5.993363,18.213905,-21.879816,Tournage audiovisuel ( Spectacle et audiovisuel )
-15.738207,-17.783852,-1.1088065,Transport d'électricité
-14.670326,15.05809,8.102814,Santé - Praticiens médico-techniques
14.186161,-2.8392966,-18.918608,Vêtements de protection
16.322943,4.8081303,0.8545837,Abattage à l'explosif ( Extraction )
2.0766544,15.565035,-18.12411,Spectacle - Animation de spectacles
-0.07804521,-15.054182,3.4533153,Bâtiment second oeuvre
-8.877386,-19.181883,-3.1119657,Exploitation - administration SI ( Informatique - numérique )
5.4822364,5.832681,-21.260147,Presse
1.8460009,-16.585962,14.666749,Installation et Maintenance
-3.2140515,27.736092,-0.9375961,Surveillance des cultures ( Agriculture - sylviculture - pêche )
5.276991,9.174376,6.4980164,Caractéristiques et types de produits alimentaires ( Agroalimentaire et métiers de bouche )
-0.54346156,-12.924328,15.753702,Entretien - maintenance navale ( Maintenance - entretien technique )
22.506042,-3.0576854,3.5803664,"Verre de silice (verre de manipulation pour laboratoire, ...)"
1.9230329,-6.204856,-6.726698,Recherche - développement
-6.463169,-10.747022,-14.2894335,Réseau et télécom
-3.1856217,-4.864465,20.189844,Défense nationale
0.76055455,-9.99378,-11.846093,Développement informatique ( Informatique - numérique )
-9.318442,4.3295116,-8.113678,Relation client et posture de service
-19.92603,11.709003,7.609596,Médecine de prévention ( Santé - médecine - pharmacie )
-10.882495,14.487507,-8.892185,Balnéothérapie
-17.171087,5.64548,3.033543,Diagnostic social ( Intervention sociale )
0.95529014,-19.757402,7.1059113,Travaux d'accès difficile ( Maintenance - entretien technique )
15.736817,-1.6473416,-18.048405,"Conception de modèles, de gammes ou de styles de produits de la mode ( Mode et stylisme )"
4.997548,7.1459956,-3.898929,"Commerce, Vente et Grande distribution - Commerce non alimentaire et de prestations de confort"
-3.0062983,7.439504,-9.089371,Animation de formation et coaching ( Enseignement - formation - orientation )
15.670763,-24.911455,-2.4823506,Carrosserie
-9.333552,3.9743595,11.860559,Services à la personne et à la collectivité - Contrôle public
-15.688337,16.666159,-5.1467977,Enseignement privé sous contrat
-19.50918,-18.016712,-3.1644127,Organisation logistique ( Logistique )
6.4167056,4.8390193,6.798336,Préparer
-9.357865,3.7517307,23.136723,Sciences de la vie et de la terre ( Sciences )
-5.1115804,16.73354,9.500535,Maréchalerie
-18.208307,7.894473,-4.878538,Actualisation de ses connaissances et de ses compétences
8.995255,-10.676204,20.558123,Electricité
25.236843,6.861426,-1.8581474,Arts et Façonnage d'ouvrages d'art - Taxidermie
3.3297315,-2.8001451,1.5021459,Corderie
4.8736033,7.7432337,-13.614177,"Communication, Média et Multimédia - Publicité"
-6.2325683,-9.484916,11.332157,Equipement sanitaire
-11.145266,-1.1778094,13.81808,Secours et assistance à personnes
-9.555896,18.376598,4.6290627,Hydrothérapie - balneothérapie ( Soins esthétiques et corporels )
6.2868505,25.425562,8.0014515,Pêche au large
-13.8521,-21.116127,0.1310634,Transport
-15.084126,15.38632,13.563731,Techniques et appareillages médicaux ( Santé - médecine - pharmacie )
26.345875,0.095730565,1.9690222,Verrerie d'art
16.607096,-1.6345676,8.683725,Fabrication de panneaux bois et dérivés
5.585825,-6.301487,9.730893,"Production et distribution d'électricité, de gaz et d'eau"
24.34701,-2.123537,-4.8541303,Façonnage de produits imprimés ( Impression - prépresse - reprographie )
-9.176188,9.057772,13.623296,Service funéraire
22.036003,12.478407,4.3698955,Bijouterie - joaillerie ( Métiers d'art )
1.5070391,-19.812763,-0.014247635,"Construction, Bâtiment et Travaux publics - Engins de chantier"
4.831071,1.4542966,4.6343427,Industrie - Méthodes et gestion industrielles
-2.9656909,-5.3210707,20.640154,Marine Nationale
10.478111,9.806896,-0.17546304,Surgelés
-11.828327,-4.9199896,5.8461413,Commande
6.5888357,7.7764177,-6.968681,Discount
4.3809075,3.8357575,-23.896479,Imprimerie d'édition
-19.933296,-8.640968,-0.16438067,Démarche qualité ( Qualité )
5.7518477,19.248829,-13.840702,Soins esthétiques - spectacle ( Spectacle et audiovisuel )
-3.7177174,-11.865402,3.2149854,Mise en œuvre et suivi des travaux ( BTP - construction - aménagement )
16.065126,3.9633598,1.8324009,Abattage et découpe de viande ( Agroalimentaire et métiers de bouche )
-1.4508114,16.61407,11.703685,"Agriculture et Pêche, Espaces naturels et Espaces verts, Soins aux animaux - Espaces naturels et espaces verts"
-3.4073734,17.385723,10.224575,"Agriculture et Pêche, Espaces naturels et Espaces verts, Soins aux animaux - Soins aux animaux"
-0.81283504,-1.1765903,12.528296,Papeterie
-0.018315515,-16.09272,1.478373,"Construction, Bâtiment et Travaux publics - Travaux et gros oeuvre"
-1.8792051,2.259645,-4.303851,Support à l'entreprise - Achats
5.324265,4.826689,-23.3632,Imprimerie de labeur
-8.634512,12.43536,-13.70765,Tourisme rural
-14.912469,-18.862389,1.3777995,Transport de personnes
-22.445257,5.1977105,6.772705,Gestion des risques environnementaux ( Environnement )
-5.0683036,-2.936297,-7.1335025,Organisation d'une action ou pilotage d'un projet
-4.7566357,-4.923051,9.567318,Hygiène - sécurité - environnement ( Environnement )
9.586336,6.771215,-4.8966312,"Quincaillerie, droguerie"
-12.0435295,-9.400464,-10.447276,"Banque, Assurance, Immobilier - Banque"
-17.043943,-1.5920753,-3.9658082,Actes comptables ( Comptabilité - contrôle de gestion - audit )
-9.85972,13.828524,-14.130751,Tourisme
6.4439054,-1.5392196,9.099708,Energétique - thermique
-16.62066,12.384624,7.7233677,Santé
-17.579367,-1.3466035,-4.6900287,Conseils et actes juridiques ( Droit - juridique - notariat )
-0.97397304,17.494587,9.218617,"Agriculture et Pêche, Espaces naturels et Espaces verts, Soins aux animaux - Engins agricoles et forestiers"
5.4533677,7.673934,-5.992852,"Commerce, Vente et Grande distribution - Direction de magasin de détail"
-4.78443,11.662808,-10.941855,Organisation et animation d'activités culturelles ou de loisirs ( Tourisme et loisirs )
-14.502423,-25.936342,-3.4095182,"Maritime, fluvial"
28.283417,-0.091377296,-10.981574,Sellerie
-12.328719,-9.132115,-9.283712,"Banque, Assurance, Immobilier"
-7.3269315,0.014145236,-0.81976396,Recrutement ( Ressources Humaines )
0.88837034,-0.30361146,0.33350006,Interprétation - rôle ( Spectacle et audiovisuel )
25.189964,3.702672,3.480232,Vannerie ( Métiers d'art )
9.810603,-21.684498,-15.191964,Dessin - peinture - sculpture ( Métiers d'art )
0.5903691,-12.670647,-27.918707,Préparation d'impression ou de reprographie ( Impression - prépresse - reprographie )
14.964247,-3.9773428,5.1801906,"Fabrication et transformation de matériaux composites, plastiques et en caoutchouc ( Fabrication et transformation d'éléments )"
-15.284329,16.43793,10.587106,Podologie ( Santé - médecine - pharmacie )
9.752118,-11.397281,14.851095,Electronique
-0.22242887,-1.5310714,11.2107725,Parachimie
19.799171,-2.742525,-11.820317,Dentelle
7.123167,-7.1157017,9.975734,Hydroélectrique
7.471427,-4.8706303,-12.834895,Application web
-9.178182,1.7575544,15.047582,Renseignement
16.135794,-2.2474535,4.12119,Transformation des matériaux
5.4363394,26.511541,10.039901,Pêche
-11.904895,-2.6226835,-0.64399153,Gestion de comptes ( Banque - assurance - finance - fiscalité )
19.663687,-5.27878,-15.536489,Haute couture
0.92988545,20.183962,4.159076,Sylviculture - élagage ( Agriculture - sylviculture - pêche )
2.8939447,8.018777,12.093523,Stérilisation de matériel ( Nettoyage - entretien )
-9.279761,17.040462,10.053581,Soins et suivi vétérinaires ( Santé animale )
-7.3802366,25.362064,-3.4939415,Protection du patrimoine naturel ( Environnement )
11.204152,9.216521,10.651809,Froid industriel
-5.551242,-3.955653,10.510873,Environnement
-23.10201,-15.135384,3.651274,Contrôle aérien ( Transport )
2.2698255,1.1360809,-1.0893192,Médico-technique
-17.738295,18.482807,9.355357,Radiologie vasculaire
-9.078275,10.144783,14.069582,Services funéraires et soins mortuaires
-15.105796,5.2775216,13.202515,Services à la personne et à la collectivité - Aide à la vie quotidienne
-0.55425394,18.176502,14.082996,Parcs d'attraction ( Tourisme et loisirs )
4.9058824,6.098628,-5.879955,"Commerce, Vente et Grande distribution - Grande distribution"
-2.3638716,18.297424,6.5041947,Aquaculture
11.397177,-19.864796,-5.6767874,Montage - assemblage ( Fabrication et transformation d'éléments )
18.809637,-1.5198485,-20.076868,Prêt-à-porter
-5.5216107,-11.009458,-13.71486,Installation et câblage réseau et télécom ( Réseau et télécom )
1.8007203,-21.215153,-0.006197674,Etude de chantier ( BTP - construction - aménagement )
-4.1345305,-3.4172776,0.6330745,Travail de la pierre ( Métiers d'art )
-10.375718,-19.149637,-1.3196104,Exploitation aéroportuaire ( Transport )
17.933672,-3.6500437,-18.654785,Mannequinat ( Mode et stylisme )
14.290281,-4.551058,5.6295443,"Industrie - Plastique, caoutchouc"
-8.491701,-10.493787,-4.2956843,Gardiennage d'immeuble ( Immobilier )
-9.479517,3.0452416,24.200655,Tuile et brique en terre
-3.7946184,-12.591143,4.4690742,Mise en scène ( Spectacle et audiovisuel )
26.387657,-8.939517,-7.986878,Tissage - broderie ( Fabrication et transformation d'éléments )
